{"黄冈市(黄冈团风县)":[115.014087,30.723706],"温州市(温州中转部)":[120.690635,28.002838],"北京市(北京昌平科技园)":[116.244812,40.209293],"荆门市(钟祥)":[112.584826,31.244981],"郑州市(郑州)":[113.649644,34.75661],"黄冈市(团风淋山河镇)":[114.934501,30.749603],"东莞市(东莞石排)":[113.941017,23.103004],"北京市(北京)":[116.395645,39.929986],"金华市(东阳千祥)":[120.380818,29.237427],"南充市(南充中转站)":[106.105554,30.800965],"宣城市(泾县)":[118.37604,30.599287],"温州市(苍南县城分部)":[120.445543,27.434436],"东莞市(东莞长安)":[113.763434,23.043024],"芜湖市(芜湖中转部)":[118.384108,31.36602],"金华市(金华中转部)":[119.652576,29.102899],"武汉市(武汉中转部)":[114.3162,30.581084],"东莞市(东莞中心)":[113.763434,23.043024],"荆州市(荆州中转部)":[112.099857,30.396103],"深圳市(罗湖笋岗)":[114.119315,22.570712],"濮阳市(濮阳县)":[115.156602,35.592287],"成都市(成都中转)":[104.067923,30.679943],"成都市(成都双流)":[104.03283,30.450175],"深圳市(深圳中心)":[114.025974,22.546054]}