{"温州市(苍南县城分部)":[120.445543,27.434436],"温州市(温州中转部)":[120.690635,28.002838],"芜湖市(芜湖中转部)":[118.384108,31.36602],"郑州市(豫北中转)":[120.445543,27.434436],"濮阳市(濮阳县)":[120.690635,28.002838],"北京市(北京)":[120.445543,27.434436],"南充市(南充中转站)":[120.690635,28.002838],"成都市(成都双流)":[118.384108,31.36602],"东莞市(东莞中心)":[120.445543,27.434436],"荆州市(荆州中转部)":[120.690635,28.002838],"荆门市(钟祥)":[118.384108,31.36602],"武汉市(武汉中转部)":[120.690635,28.002838],"黄冈市(黄冈团风县)":[118.384108,31.36602],"金华市(金华中转部)":[120.445543,27.434436],"深圳市(深圳中心)":[120.690635,28.002838],"深圳市(罗湖笋岗)":[118.384108,31.36602]}